id,split,category
80aa5db40c7e405ead5c3677737b69b7,train,chair
a2eb6ec3f02c4d74955d0ccfe680cc53,train,chair
c69cf89c62d14b4bb0e18b8eff1667d4,train,chair
24b3630ebabf4c96b4d19d527efca2dd,train,chair
ab42a8f0f4a646dc8ac0784eed873f23,train,chair
b2fc4bd184944704ad43d3a31817a676,train,chair
2f1ba13a0dcd4e8f96ff20a408f0e2d1,train,chair
967d19d0704b47c0a12d2a85d44e30cf,train,chair
9d4c857981fb4624b2c2226f9ee81124,train,chair
5a95a3afbf164e26b538de19cdb74ea4,train,chair
ac664e78a4d643238c7ea7bf97d819e5,train,chair
aae5189bef93439380822b7e7dad3ac2,train,chair
8f5817f47f4a4f0490f9df3e3cf28bd8,train,chair
c5f031081be8441d8ad4a070af67602d,train,chair
15b2ebce6f084c3ea8d582c168ff478e,train,chair
3df6e89550b747a79458f197889607ce,train,chair
a42dd5963b3c4d71811a19c51df647c7,train,chair
0102b2c1449f448687d62ea66ae2a26a,train,chair
cee5478c69694ab19b8c785aa80a15c2,train,chair
30d1c501adde4e9ea5d60b4fbe64e1ef,train,chair
fb208e51d71240e2b9269e62085e3c32,train,chair
883d6b019b8e47f6b9dd5c7b709cc536,train,chair
2972712fbbc344219b1e46fcbbf30e78,train,chair
5c1766b6586f451cb61df9fa29d3914e,train,chair
5856ed19a9604c63875f7fca06b50d40,train,chair
e4763262165b4253b97d61af105cc90b,train,chair
7973ca7b0f4b40d1b6aa62473980643e,train,chair
942abf58826d4af9a59f064d98098539,train,chair
acd8ae7c85044c74abf8514b977deb65,train,chair
5967a2c18de44cdfafe7dfedb8d47f99,train,chair
0e9dca5f9ee64979acc14122fb43cb1c,train,chair
904bca0fecca474fac5e5cd45fa2592f,train,chair
49fac825fa934efc84c808e45ffad4cc,train,chair
b59197bb48314e539cfa834d3db37a22,train,chair
3b3156919dfa4cffa6ced7236b7cef07,train,chair
83c7586454d24b82ab7fa697efd4b9af,train,chair
505cd7c1f05442b1b5ba6fd2a8ed3dea,train,chair
cedf44b8e6ff4323ace82b7ff34ecab7,train,chair
f15fdf877b904446bbf002344bc20b51,train,chair
de95f8b961c443d7849ec536b39d1b12,train,chair
ddd35916c5d84fd8ab4c38380a73fb5b,train,chair
0144133a874d4fa9881d8947928999e0,train,chair
791b545479544d168a5d9e744517dcb8,train,chair
cd2bacdfe7124d68989b3b62089ab62c,train,chair
f80ce011020645478764f3d19d42abe1,train,chair
6ad3ffb2b84a4e1d8e372b08c74ae88c,train,chair
a19f140d3012463a87a7c08f1ee6d799,train,chair
3bdb32166bfa4bf1b8294fc680ebef10,train,chair
533a6c2a58b040de97a12da50a1d05b5,train,chair
ed8d17407c75443d8ad6eb4045cfafa4,train,chair
ce5551f1fd754951a7d620e9d7128b63,train,chair
f936446a26e346ac95eb79c6d7560f1b,train,chair
c5105c850f5242ebbeed012b648dc15e,train,chair
1d3687a764404fc9a2ff78a06b873ecd,train,chair
e58503a145144470be27e38f014db153,train,chair
81738d582ab14b30933d5aab47314ae2,train,chair
7f10ef845b594690bff6cc5dc21c3f99,train,chair
a60e263c563f482093c4b1deafe86b30,train,chair
2723964fe02d47ed818373fc311a09f4,train,chair
2e5e3febe02d4cf4891ac045101f4ae1,train,chair
fc3610ba8caa44258e3047f533447481,train,chair
1018862b44bf4afb9ab7edad916a0059,train,chair
58549fe473ea4ffa9c1788c1b21b8a84,train,chair
7590ca4ee92047fea87a5c287d3fe22c,train,chair
215377ebdcd648bf8865106180539c1a,train,chair
351d798f9cc3451099200c5235aee352,train,chair
9f881201ee344b0eb5fda2ab22197bcd,train,chair
b0196cd55f394ba4bc1b39ea4d4e5620,train,chair
3130cc3252934eb4aea42db804d4f953,train,chair
458347464a2947749c97a96f415794db,train,chair
4150c4d220584b3f9f2af68ff5c2075c,train,chair
73551aa6ade44f5fb396f437a2f8ac52,train,chair
7d3b2a1ae57f4eda9d02163a0277811a,train,chair
1b88fd9db542455bbccfabf5e54982b7,train,chair
6e1bbb8464eb4879b102cbbdd566e61e,train,chair
0f7366550f694e1cb9efddea214a3c33,train,chair
790ef1bf24ed4354b6c626caaafe4a81,train,chair
6abe62bea98941edbc6209fe95ff0f43,train,chair
842284ca02804217b138b4687d8e0844,train,chair
6d87c7d4372a440898132af4142ade4a,train,chair
9173450a6303469fa0fa0c5fbfd9fdac,train,chair
daf37688a7734fbdbc975c3e4cccaf88,train,chair
fdcf9d47997048da826ffaf7d84024b4,train,chair
3196ea27c20e4da389cdfb3e5206e3fe,train,chair
6788e0ef6d6b4c7eaf28d6820867f745,train,chair
7c16a2039b954637b4a7764f1b9f64b5,train,chair
d2d5000b1e7a4d9a8a4a637267418061,train,chair
4e2537850c5b4d0690077480ae71694a,train,chair
34a65735a898465ca5c8e930391cf0a5,train,chair
d2785b57e7da45858f2fe8bf4dedd68d,train,chair
c20ff73f6713422591842e29a698230b,train,chair
898a07927b7b4e038662864268a4a4de,train,chair
33cb5127082e42ad9305e7e888099ab4,train,chair
4281fdefe6ee4cf0a81f5d4fe9bb67db,train,chair
d9fd5e64f2174769a222bdebac115181,train,chair
bb2573634ee64cb3a82aa7285366bcee,train,chair
9b7e56c3dc6a4c6f9a43ffeb87364613,train,chair
48885e0b5eb0467392b405f362aef223,train,chair
909e1134b61c442ba60d7d2747fe2209,train,chair
72d905df9a424913b203ebd9d97a912c,train,chair
ad0b974411d94ec2bd2bd62b701018bc,train,chair
7b2b1b1235b44c579d45fbc8d498e678,train,chair
7232408612424923838e8f67176056ce,train,chair
cb9d503f2a274d799cd2cf2c60c3fae5,train,chair
e53475f5c5ce4967aa956a9c7aaf86d2,train,chair
16ca102e1e25437ca4362dde60e03204,train,chair
304253851afd493d958fc8e256c189df,train,chair
e4b78578e26f40ad8ccea282f182c3f2,train,chair
2f697bd92e06464893a7619231e5b619,train,chair
335c1625295544df98584bfb5c3664e4,train,chair
2dbb0935c44a47eeacd13fec59e088bb,train,chair
8368d0bca47f46a0993ac7c9ab56ea54,train,chair
41b87aee97e0456b8275e5397ef6db37,train,chair
14280af6733147fca284753104d44124,train,chair
2ec01ec1eb874f6fb11ef732fb575267,train,chair
4bcb32f952e940f68d74635f00aa2205,train,chair
be3d5131e634424e89ffd57ebb19804e,train,chair
8568f8a081454979898fbae2dcbe03b5,train,chair
25b63941dead4fd29eee6abf61ab8432,train,chair
593cbebc494f4937a0c9eef6c29c67a1,train,chair
69f1a1dccffd440e91dbf89ae2c11ee0,train,chair
665ce053043047c48ada64329ec4bc11,train,chair
6c79d4ecaf8a47ad89a970eaf0e32fdf,train,chair
626c976266064f5f842fc7186aa253d1,train,chair
f7b5e38a9a6c4fb2b445396c6bfc6368,train,chair
c6ad2d2710b349ffa7b9057d1b611082,train,chair
9b61dfc7cf60428a834cae9f6d5495b2,train,chair
ab66fd684acb4eb3a2194c9c04c1ba79,train,chair
309e36bfe42940128e72aa82a4d230fb,train,chair
e126eee03647445c92e44dfab049095a,train,chair
e2ae105a424d4ff5b6f200921cfbe597,train,chair
c79b4fb3af0b4ea6be16e9d973077441,train,chair
0730fabb2c8341aaaf303351f2d644c7,train,chair
0017fed1dd804ec1ab2e06bbdbebab16,train,chair
8084e9dae0614831bb9724c61e94741a,train,chair
a9bdb32efffa4f7cb7f98d4f7a877b5d,train,chair
c00900cda58c485ebec08791cf490873,train,chair
2decb1aa5c4948609e539cb357b63f78,train,chair
7b0f1626f4ae4764b8859cfecb5ff3b1,train,chair
3637977058574834b9541618ca1a4d3a,train,chair
0717695aad8f4d5f9f8f5e1d57355218,train,chair
a068cf38c6b0484494cbc60ebc9bc064,train,chair
38245d197f67465a859d17289580f847,train,chair
934b7b5515da4720b0af2764924aad3a,train,chair
37ad3ee717f64bab91565745a12319f4,train,chair
64c01997cc884bf9a7d92dd51d7342ae,train,chair
53d66bc83c1648cfbd9113492ea2f334,train,chair
de117a96fe844cf3b0fc3534eea1dadd,train,chair
0c03c040f08d49d9b401e29937439bb9,train,chair
0723b35415b0462eb5c01140b6b70340,train,chair
47a690dcecf847fca99c4f89111db85b,train,chair
2628a80d4f454d75b5209df98d70a10e,train,chair
e94e66553d02432eb69233d1936d7f8e,train,chair
fec95c6bb8b546be95c62aa7dfe01c1a,train,chair
fd7157646a0d49eba4a03e17fbc1cb65,train,chair
9d53c4f8a4394a9ca333da20138cd897,train,chair
b3a7c6081a2849c3ad4681698f0a74d6,train,chair
fc35ea02b05e4b1dbd1774361b7bcaf8,train,chair
f59dc96c92d640da8592e995ff13f804,train,chair
ee3f18a9e8d54650af3b6569d2119ccf,train,chair
8102032a85e34e1d9e9193e6149946f1,train,chair
53a7952a10d1481bacfae775882d03f2,train,chair
feb365045ac341f488e985e81aacfe6f,train,chair
2b585eaa5ffb4117a58a29f52bf6a966,train,chair
ae81468e59404c9bb18333bb42114488,train,chair
3177fdf2630c4922a43fecb876d96e1d,train,chair
0124889ae0b740f6ab55c65650109e11,train,chair
8bd6af15b49f4abc8f539c1ca4efeb2d,train,chair
a664caf21dea4bcfbe1592b6abaea3d9,train,chair
f6a450e1a23b4abdbb82fdd36f7015f9,train,chair
a36f26f49e8842c7b14ff8538398c205,train,chair
4a1816e651914f3eb438c084c9d4ee7e,train,chair
bde31c48a36d4e198c49f0d2aaa758e2,train,chair
f2d2bccd73fe418f9bfdaafbd7fe7bde,train,chair
24692a5bc2bb440c985fa430fd383ec8,train,chair
6a93cec139b0447199d9e93ef2a84a1b,train,chair
392e2810e1e24b02b2fdbc1dd3f21064,train,chair
74e13ab045404c5fb727b70fd7fd6835,train,chair
638c390e349d495b8fc9bdb43f02f719,train,chair
9554eb0597ad4d0dad8a4caa90141329,train,chair
cf0690389b9543caba4d011b0c7b3a7b,train,chair
e68c827c2996490cba6be6de4652a67d,train,chair
d3fd9470e5ad45e685295b1ebd620c55,train,chair
efae586a477b49cea1a0777487cc2df3,train,chair
913530823cd94f13b7e8f6fc60e4f93b,train,chair
19b2c1893f084653ab226cc3faf27c96,train,chair
63797942d2674b6da5c94ce19672e6b6,train,chair
3e1be8151025462685a6fb6cc23d0381,train,chair
b8c382798cdf473b86ed497a34770b35,train,chair
8d92600f641e4e1daeed9705afbb21bf,train,chair
1b78be3a0a0e46ebbd7c0c12ee676ec0,train,chair
ccea7e2e68c943b6b85cdb93fd9898f2,train,chair
27108f28ad1d4cb7876c2596ee5eda96,train,chair
471624bc7cd84b74aa93fed9361498fc,train,chair
9f7890238c4442d789d1970cead93203,train,chair
6182e09fe0b84f7891be09d80f82e341,train,chair
99fc178ecc0943ae81454a3735e2eb5f,train,chair
bbd515ec9e5149dca308028b4ae1f8b7,train,chair
c25d29e7f10f4b01b476425613c87cb3,train,chair
1b1245352f35414c8af77be29e1b2135,train,chair
3baf7d8e62e040f9ab54e1f06870fffa,train,chair
93e8a67ef1e24d59b42185ffcb4ff7f5,train,chair
820e7ab9ec224193a8088b22e1850bbc,train,chair
15c54638a22d490ea6fe350e12ef11c9,train,chair
98cc948d6551439fa4a272471e5b7e1d,train,chair
1ffe56b55bc74f5ebea41814f51b0831,train,chair
7d7194c2eca748929da17d8ccdbfa6b5,train,chair
8ed49a95f393473490baba27f559368f,train,chair
0f91a706c6d0454ba101e0d711011b6a,train,chair
e83dc29e69e94ca7954c0b25d52ea3b2,train,chair
f6f3af46a30542139cbf23b2efee5439,train,chair
ee1e4fa481484989b0e01b0078b71a96,train,chair
2820827abdcd4e79b7c67683292416aa,train,chair
460d3e2a21ca49939da8a0c5e4b5c459,train,chair
2307ebbf827848999b3579c3e541463e,train,chair
c6faebfcb94f4f97ad125dc509d0fe39,train,chair
695de15b8fc2448fbb599a35e5384605,train,chair
23db4e971876417582d5fdac2b252762,train,chair
7c6fd1430d1a4e4fb04850bcb292bb07,train,chair
292621234cdb42969c76680ce8100088,train,chair
a2784d7b873242878faffc2bf6c4db7f,train,chair
9a07e1a9a4bb4d268926a8111bda8c26,train,chair
19c3819d047c4ea5b792d7dab5fb7a19,train,chair
46863d3659974498bbb4427811035177,train,chair
a686626332e2471482f4e8df4d4a1bf9,train,chair
1b56d27bd90b4cfe9a70151078aad632,train,chair
3efb9e42f49f47c6bd1d36f86281888b,train,chair
466f71e295014c5d8d95363d4e28f5e8,train,chair
a653e92fad4f4721ad92fbd8f386acfe,train,chair
18f92e3a7aef49428dfff3c9f6257789,train,chair
6b8b89bf1a844920b104f39ab5c2eefc,train,chair
77bbe5406f464b83aef3c36f7024046e,train,chair
9234d8196b73434684bcbb8092cc9e2a,train,chair
cadccdc1d08648a7be5b0233ba42ddfd,train,chair
b130128dc6c5446790c782e900d17afc,train,chair
a911adbf46d14001954e6b41d4f52ff0,train,chair
991e20de27754df9b4f05bee954ebd84,train,chair
be4d85d133984f56ac6341fc6f01a38c,train,chair
1dae31a7fa54440688eebaa0376c56d3,train,chair
88701fb561fb4a2aa2fbc5d6353221d9,train,chair
b67c73427cd64754852f66c2bfab6c83,train,chair
b3ce6d803aa74929b5317a4771780b42,train,chair
67a1081092f94ade927bc76ed6d67e70,train,chair
67afef47ad514609bbd488cee7496e0d,train,chair
93c4d8ae7ab94fe7abe9a2fdc84661e3,train,chair
f444e45dd9bd48b0871d650f36600753,train,chair
4fb3bab820de495599b2987e82c6e6e8,train,chair
ac33b2fcd1524da8aa3d07637412093c,train,chair
136368db06a044b68ea8a5baba5d6efe,train,chair
43c8828e83124e1e90e85c9e57b404c8,train,chair
b4f8f019018f47fdbf35f0119034e240,train,chair
ad7c112ca4cb423badd9d22610d6cd04,train,chair
373972947ad4474882bf65cafbeec21a,train,chair
b6b80c6a199a411dbfe9c3082a10c365,train,chair
2c32127e0a354be9b588bbeb8f9ac644,train,chair
28a29720f5a041e5aa39a7e3b792f2f9,train,chair
55110a5563f846ac93c1c35bc6b80999,train,chair
4e4b8731493344fdaabafa2290e72faf,train,chair
7a697a7690eb4befa603897cdc21c912,train,chair
adc1d94528894ddbbac31f32d5323b44,train,chair
65f16361919f4901a3fa3679e7ca9e09,train,chair
034f2eceb09c40cd9d559268412a756e,train,chair
bdce5e3b40df48ccb116ee46bb40eb32,train,chair
857e60a63bd24c73830d8e7b68ed216a,train,chair
64b170e4864549c382b6c94c529203d7,train,chair
28d004c0d320423d89b6b4421c23df2f,train,chair
a26c8b185911421aa20cfa12d3176f39,train,chair
e9696f0f630949a4b0360804a02d0ce6,train,chair
c5f49f97856c461a8192fb950ce23540,train,chair
4b32888874f842dcbec22dafe33a3d19,train,chair
5f9ae9329a1841b499e84f9915045659,train,chair
6c5bdf224a28495bb8de74c45300c43e,train,chair
f3a651badc5846c4bd3c25f88d363a3d,train,chair
dca771ce34eb4d21879a489eca6c4882,train,chair
7e46ca9ebbb24affa9ac348886481dbe,train,chair
65e5c193702e4be9beb5ec783c422b5e,train,chair
c47502ead1e94b5eaae8447e512cc772,train,chair
a9328e057fe049ff8b0c35489e0dfb8d,train,chair
bba997540ce145cca41e9c814aa0e2e4,train,chair
049d0f1a46fb4d50968de6984c736932,train,chair
a5960dbba4b545f89a9c398c54cb68e0,train,chair
4c302192035d40e59b7c0f18bb74f212,train,chair
6dc3eff5252b4c208133e7fb9769b3b3,train,chair
6829f6df49124a50ace106d4cb754064,train,chair
ce6878e55df6491ca4a227da5f858579,train,chair
b843c63d853a4b788a6a6b1aad4b2c15,train,chair
59ee00866fcf467591681c091e1de20f,train,chair
53ef79b8097248b3b77081d031486db7,train,chair
aa555c383d5748fa91634b61dc3febf9,train,chair
a1f834d6a70543a9b5dcb8fc7a5bfe39,train,chair
8b36c16555c54c639ae3f3a605236cc6,train,chair
47941ec1f8664b57980b1cd6609af220,train,chair
ac3085611fae4753b7a46af8f7dcb51e,train,chair
299d5672071e4954802237fb2f59ac22,train,chair
ef66ddded4f14d55ae02eff8d445fcb7,train,chair
a60e9bf5741646d78dfa12de4c7dbc0a,train,chair
b5e15bb0ec0c4edd88ae18dfb95ba6c2,train,chair
950f1d50fac64c3a918b260deb108479,train,chair
f73581e1b3c94d51817a864eeff14417,train,chair
1729f88420514484bd0ef25a9e8cba5b,train,chair
fab9443d48e24fbfa309187df78d58e6,train,chair
fc6dc70e60a0442b9a818c3e190ed244,train,chair
6cd9d9f74d614123aa9c10e85ec9408e,train,chair
62357db608254b13a5ba4910f4e07660,train,chair
6c12afbbace9402ba85289823cb3d635,train,chair
59de57c4d77a4e89b407db11dc8d3a5d,train,chair
1a063e0f585d45f38daba64df0ecc5eb,train,chair
db3b4773db17478786595286215e3061,train,chair
81708289b0f44fef918015285b3b2d5c,train,chair
8ebb8c08c9c041c38e279c0b1d5b5ef9,train,chair
768843209e734d569d1b527c1f3511a1,train,chair
f7783bf8a13847e589d2cda9590178ef,train,chair
1d7a66437c954638b69bbeefa774c4b2,train,chair
ed1d1e31426e4368a9478e6fa9291e7b,val,chair
3752f45780dc4b9c87ac541a334e1351,val,chair
66624c84a4d94559b35914ee2ada4c4b,val,chair
4d3d229cc3ae4ba895b9898c8c73cfd3,val,chair
6eded741814747329d1333ffa3222f99,val,chair
2ec713b40d8e4f718f03bc301641b78b,val,chair
85e1abf52baa462a8934b6760a772763,val,chair
a71daca5560140708880b9711fd9df4b,val,chair
37070a6b1e8845b0a67c813b5ed445c8,val,chair
46178db434914b67a639109d4d585bc4,val,chair
2905736062c043d8966df18cd5910978,val,chair
51e2822c9d3a4c9e96171553f96bdf04,val,chair
d584a1c6840949a8bad9d55e527e219b,val,chair
90dfb9e99ddd4b4ca414be7599ea6469,val,chair
aed497978aa441499e49fc72cdefed2b,val,chair
5425760f74da402b936a5778f5d1f3f8,val,chair
b8a40fd6390448688e4613d4aa6e703a,val,chair
053039b95c314104b5fe0dfb19f43cb3,val,chair
ee2b20b59075408da2629882895672b3,val,chair
fc34791dc62545758ee7290c8d0ff67e,val,chair
31bc449fa74f467b901fb8fbe0140113,val,chair
0494222eb1cd46749fe9931dd6c4c30f,val,chair
29f58809b71847e8a8d0f96eee4221db,val,chair
d49cbf9a118b47df9efa7e124753dc27,val,chair
3188e466f8f44fff81264ff64ceaff82,val,chair
8a4a3a90bc104f11b82cedd9b4e5ab6b,val,chair
e4c60ddfbcf6411584369f6750f85a83,val,chair
8d22af983b8946a9843325dcd16bbda6,val,chair
a8fdfaba559e4f9899944f8d50f2bda6,val,chair
d4c7eaf7b1304e6ba2b2d28e2c7010bd,val,chair
e4f4fbf706a54b00af0382f0deab492a,val,chair
5e1a3f6c2a074fc6a02953e12356b5c7,val,chair
d4bb619384164354969b6c1a381e7099,val,chair
f2afe44187c14ddb988676e418b0052f,val,chair
3c6f61a6436c43639ab6ef5c1bbf2b38,val,chair
acf6497a3d274d90ad3750510348f07a,val,chair
70b58068fc0147f2805c2d5bacc8b484,val,chair
dfb7c3b51e264b5083dc28450e55c2a0,val,chair
bc708900ae034c84a800567620e7eca2,val,chair
28fb62e117f94307b30562497d49fc73,val,chair
25726a8d0d514c90bf83f30c2b985ee2,val,chair
21718f0b7fdf497fb092b7d095429487,test,chair
0981a5c30fdf4416ab03bd6e32a77d08,test,chair
34122e3ff87441309d6714396d6e22d2,test,chair
99ef536b8f174b9496516bed69368f46,test,chair
85d0557ecadb459cb1420cd86189dc21,test,chair
cd23b5ffec794899acf4b36c6cee8a13,test,chair
cb43e2abac66494d81e1e7116eb47043,test,chair
63f071b5c74341fcb4106c8975725f12,test,chair
a64c5648417a43d7968033602409bad8,test,chair
20fd9eb478724fccb7a006ae76cacb8d,test,chair
5319ac4845d84e6d979933c67b3c7374,test,chair
c316c1fa3f7b499ebba3b44272b89c76,test,chair
09f6fe724dd1496dafd242f3022209be,test,chair
95a30d3c00ac4d41a9a510013c3318d1,test,chair
607a3bf3fbc54bd2b9da08c18f625ee4,test,chair
c2644b133b554bc084e83d1217663918,test,chair
0bc2011018e2463ca119ebce4e15a94b,test,chair
71a4502e9a20423ba847bf6b073a07a1,test,chair
600e1e7db1cf48479da37f997e6c3448,test,chair
0a8fd74072f8457db07182f7411bd4be,test,chair
d9a81a38147440c8a2ac92a26d62d895,test,chair
82822706425d40f89d4bbdc63a8ec821,test,chair
bfa29f9964a04a49bb1a049c3ff8383a,test,chair
e0ad49d3316b44069260f59ea5f764c0,test,chair
f39ea96a07ee4a2c93bcc737d5672d49,test,chair
624c9f7dcb2f4acd93237591ef10c76a,test,chair
39059edc24d547f393c91856606e25da,test,chair
02452dd650774e8899a9c637973250e8,test,chair
ac7838c1b6b34a72a216b219efcf9926,test,chair
f341308cee4a42668fc7433a64b95a5f,test,chair
e66068a7b1774abcabf96709695a7fe3,test,chair
3b4dea4f05f04ed7876484d25c5e396d,test,chair
75b13759a6e84978b41cb52073031326,test,chair
7fddf5d339734983be77c4730fd0d826,test,chair
79c0f5d111324264b4c6fea9402df88e,test,chair
a37f550f259940a7ac6d6999ef47754a,test,chair
ac5e627d068e43c8aa8b81b07611c2c5,test,chair
32f8bafd9fcc48adbec217c79f8917a2,test,chair
242fae6fa0c346d28a4685118ccd6f42,test,chair
3f6b4ca2af34466a81d286c0bc84c4cc,test,chair
977130f6ab684c1ebb317435b273242c,test,chair
2ed47a1e98604fa4adeb330e71158a4d,test,chair
79fbc9501aff4538bf077197d2502016,test,chair
3760ddad38554591971ca31426e7a4a1,test,chair
13407a0758804fc09ec4c7e51e9f9d0e,test,chair
8b160a1b0b4b4b1cae9938402483b110,test,chair
1d0dc79c9c504079a1d9e33395f6d09f,test,chair
8505977020be4fd194854ad3d9808222,test,chair
085df0233ce345438f4147e448cb0dda,test,chair
6acba1689895492eaea9fba5fe00f587,test,chair
c5d80712ee2c4741a5f059530e523a7c,test,chair
09fd6b85dfc84ccfac7b6d3ef378fea2,test,chair
039c6026571943d6ac45c6816bcc7ff1,test,chair
0edcc9053a114e7f8a706cae0864e7be,test,chair
b4f70c646b234217b091fd97bd39e70d,test,chair
01af78638a2e4d458e9838980c23c96a,test,chair
781e14252fd745bab52da09998441f5b,test,chair
2353c11119674786955adfda7368df62,test,chair
09649321adfe4a0586777e914262b8a2,test,chair
38270fc8d593420897328cdba88ba242,test,chair
a26cd365a53b4f4eb923c5e186a255fc,test,chair
b10ee58a01b649d381598d899850176c,test,chair
19b9f06c6f714bc08e4d0450f78ce6f3,test,chair
e3cf66a5312a4890bfd994cb9badf9fb,test,chair
b1b578f40ea54e51aab36b5da31d6f80,train,skateboard
f12ae5e50d434df0b7a4b23007b5e003,train,skateboard
60cc15b40490431fa19bc4e944facf50,train,skateboard
3fb68260423d4a31bfecbbfb718d504f,train,skateboard
cc02ca24d04147e29c0942830f74affc,train,skateboard
08318294c24f4ccf968bfa046a327003,train,skateboard
bcda2cf96cc6433ebd36c9eaed629588,train,skateboard
8ae388979b4c45e0ae625e9120a017d8,train,skateboard
3ef5b607164848f995fe6b5071ac2192,train,skateboard
26a47537deeb43fd993118e9bdffef75,train,skateboard
0b59631b64fa45378911ea087e173784,train,skateboard
27e7637ff9c84479967618e9fef5d082,train,skateboard
d44f838c48b748f3b51eab9c830193bb,train,skateboard
4ba531a854cd4213bdc34c62cfb7134e,train,skateboard
47d5b51da3504cb7a2c6cf6ac0fd0312,train,skateboard
f588ff8ff01047e6a506a01aa8c439c0,train,skateboard
0ec178daec3b40de9d993b6a3b68411f,train,skateboard
8003aa8ce7fb4019beb09194daa87400,train,skateboard
0f03d940e6184871a0f38d429bfc006f,train,skateboard
e40bdc9f634e418eac01c64674812bca,train,skateboard
bc02544579d34003a703962d7b930e7b,train,skateboard
45216c79e4a64f73a1df7739cb040300,train,skateboard
1ba2620fab2c4433b5184a0514d46bb0,train,skateboard
11113b28be364d93be509a012e6f257f,train,skateboard
632b06cd8d1e4ca0b5056d6d26762751,train,skateboard
ffeac94c84d24c4aa5cd51075eca6c9c,train,skateboard
7a7ff7e1fdee4a94b95b8fcd633bcde0,train,skateboard
ea45d396c3af4f818b665d1922a2801c,train,skateboard
59e9c369ae7148378c496aef09fa7cf1,train,skateboard
bf473f9268004f6e929ef3f4bf258126,train,skateboard
a3cd551df1d2452691bec6c8476184f4,train,skateboard
dca69f083d6849e5beef3526a2f9953a,train,skateboard
ccf0420eec274052a3877474908f8266,train,skateboard
d781b21bde0e4fcfa7d46b68d6df99a4,train,skateboard
40fdbf4c9f2e45fd97b02d9c4f03c6e5,train,skateboard
3f8f5ecdee6c4dfb8fe0575d0d552c31,train,skateboard
cd045edb9d91424c8aa7cfb28c86dc80,train,skateboard
779672af032141b1ba56ac0586f941fe,train,skateboard
5fb8302331154d0b80e7aa9352a3b664,train,skateboard
bd6c9ff434c04a1aac5b5596e6c0f1fe,train,skateboard
f990c2aef575427d83c17850b7fc6df6,train,skateboard
027b54e7c9b4405b951a8dff079994b5,train,skateboard
e3ed0446c2dc478d8f29e89c6584fafc,train,skateboard
8565a55b2ebd42aba238fc071060a70c,train,skateboard
ea09ce8bd3554d6ebbd61fec548bef7c,train,skateboard
c935e4a7176042e5a5aff2a409c53b07,train,skateboard
4b0f217a8b9043b781f23a271ceb2276,train,skateboard
eadf631145d24b7789b0fc82648833f2,train,skateboard
0f7b8ea366654674b217a743959798e7,train,skateboard
135446e9cd4a42d2bb08014df3f89027,train,skateboard
4bd311032f364db18dafffb866ddb9f3,train,skateboard
65e304546cdf4740b7d86b35755242c9,train,skateboard
e65c6b45a4414b7990c9a3442271ed5f,train,skateboard
ab830e111ec24bdbbde41269d748766c,train,skateboard
1f0d16d569a442f08fb5478de09cbd3c,train,skateboard
2cad40453ed34e63a784db137382ce32,train,skateboard
3c009bb478e24ecf80f5be96f88f22c6,train,skateboard
dac6cbe10dd44d2eaf8037e54e37dedf,train,skateboard
1def208820694300bb5102e8dd228bf6,train,skateboard
743d864e4cfd4229b749d6b6adf1dd9a,train,skateboard
5f5940f6ee524df9b9c27aa59a7f613a,train,skateboard
c60420a840134dc9b4646f43911906d1,train,skateboard
b6386ac278674a3c962262b607abb420,train,skateboard
cd0a18e6ce8e4b49b0e20e1a7c0e07f4,train,skateboard
6da7006f2a014c16a60c6e383150f772,train,skateboard
9b4e163476bb48abbc243f6beb951150,train,skateboard
e8a54da09d964b3e8abe951d5d83fb59,train,skateboard
44a2080f3d58431fb73a0279b84a487f,train,skateboard
2ab1282435fb429ab88b8a88bf9a82f5,train,skateboard
353757b451094a678770ec2b774632ab,train,skateboard
dc18fbedd63c458b9b31878d7909f9fd,train,skateboard
2a8d375f2aef42259c6b6814a3ab72a6,train,skateboard
689a7a3d712f4085bd2320512172226f,train,skateboard
08d0a15549dd424b9d18bcf2e4b40b2d,train,skateboard
936e79f2935c4b28a93a88480d8aa44d,train,skateboard
b73497d937774c96a92f05947c738b9b,train,skateboard
2bd754c0610e47db81660ba89eaa488b,train,skateboard
8a6016dd59d244c08a243db8f0e38a93,train,skateboard
2246c91cfcc1436b9824e56fd11fad66,val,skateboard
801dfed0f3b04d619fa8cfdad756aeff,val,skateboard
2785d433c4944125b8ae9b801a7544e0,val,skateboard
10fcf145c71b460cb90473981ffb8ec7,val,skateboard
530f9b2171954dc481f90c2bbd781f57,val,skateboard
1d6bf99a3ffe490f82f5c2a148d18625,val,skateboard
1cc9dbf0c5c84a6d8d75465c21411cc6,val,skateboard
ef9a705d9fb644d5aecee2563e7f91b5,val,skateboard
4eef66d43c05464abc76f21d60be8fb2,val,skateboard
ef605aba69b6442cac62bd6277676a76,val,skateboard
56253bd1720a4363ae546de07954d0ce,test,skateboard
f412d837631c4969884bbbee0e060909,test,skateboard
cf1e6a6d80b44655af1fa51dd30035bf,test,skateboard
8dd79c785a4142e4a6e077567569e9c8,test,skateboard
ab0e803676bf487e835995c611df4c04,test,skateboard
20e9d6a9a102490d87980caa099ab9c2,test,skateboard
04b13a5595fc467c8e693ccefb18de34,test,skateboard
3fb3b312020048d7975bcdd067c721f6,test,skateboard
919d58adb0884c8895fc140455169ae0,test,skateboard
4ccfa4b5c0064fbeae7b802ef789faf9,test,skateboard
ba89d9fed0dc4677b870501948ab7332,test,skateboard
234f8865dd164f7f8d9739cc8f4828ea,test,skateboard
daba6e30f78d4604b5167b2f83b0d162,test,skateboard
1586710e689a49db886e519bc39f2bb5,test,skateboard
a8654f95c4204dd48ce606b8d612c7fb,test,skateboard
08f942bd6c13467091520f48223aea34,test,skateboard
818d7994915d447bbf05be34a0b122fe,train,mug
2555a69678e64f91a286dd8132f7e937,train,mug
3a87a55210db4fd9a27565671824f894,train,mug
77d41aba53e4455f9f84fa04b175dff4,train,mug
13bd7511918640fba71dd4ca554d5a5e,train,mug
9dcdde5bf82e4fe2af13784ac2ed0902,train,mug
e408136e84414784a142e40eb876bbed,train,mug
c666d90ad57e44f1baf90e5ec062a152,train,mug
89591a21a3ad499f9178247b1ea78484,train,mug
3a973e2cd37c430a98fd6270687c5c81,train,mug
3a2a7c597431416aa7655da8f747424b,train,mug
e0d4745c293b4f63ab1966dd23240941,train,mug
1f6a331e21db4f919f6e448bfde3a090,train,mug
fe27c397cf42404ea4c1f6a32a38a27f,train,mug
c38d573bb47f4dc4bdd2faea926c5276,train,mug
49a6fe4995224d4e8e5ee1e23727e51d,train,mug
e02123e2b43d4092820c8e78b4a48332,train,mug
c609327dd3a74fb597584e1b4a14a615,train,mug
44b45ae8126a4358ac49321c538e2c31,train,mug
2e6d9e77be114535b01d7ef028c2f49c,train,mug
77f00280d56b468381d75bf9392496be,train,mug
d40aa57bd3134878b573ba48cfa37f2f,train,mug
fa7abc1ab50c484db3323ccbf7f8514b,train,mug
5661e1f99a3e4d4ea257a085fac5acfd,train,mug
6734e6f2fc6e4f80a887e6cfc9c92cc4,train,mug
4fbb57124fec47d8b216101e19f5d385,train,mug
721c70b175674aad93d742ff8812b512,train,mug
91c5283b27c74583900d5e26e2fcd086,train,mug
30f383a4c61d4ddfb6035c931f6639c6,train,mug
32d5033eb7e7435696369ee300ad16e7,train,mug
8632380517a043ccbd364e1418cfed74,train,mug
1dd7467ee6b947e6b6cd03368c00a8e1,train,mug
7bc2b14a48d1413e9375c32a53e3ee6f,train,mug
93ad19db34bc49a0b7acc24e7a5a22fd,train,mug
b8478cea51454555b90de0fe6ba7ba83,train,mug
82e943e3cfac4da5a20d189ddbd6abdf,train,mug
6142a5564edb4a7ba1c948673460afe0,train,mug
ca4f9a92cc2f4ee98fe9332db41bf7f7,train,mug
657f2da8d75c4781b0f3faacda7561cb,train,mug
bcd8eaf8dc13433493944a7f6b882f9a,train,mug
74f2d58ffb5f4fc8951be72cd13f64d6,train,mug
9321c45cb9cf459f9f803507d3a11fb3,train,mug
922cd7d18c6748d49fe651ded8a04cf4,train,mug
826a236ea5fa4c0fbc8c6ee7d88df70d,train,mug
92dafaefb8c742fb95fb8ec71c27b2b5,train,mug
43e95c43931a4801849639bb08ece288,train,mug
0166cd3012284d0cb89d0c6548f9680c,train,mug
2a8632e9355948ad97c129f957c2ad09,train,mug
a17de88a9464410fa2c8f550ab04749e,train,mug
5f7108c70d6c482c99ddcba2533c1e87,train,mug
3576b3e274ea486f8ffeeead0259ea8e,train,mug
2b3e80b25a434b15b31cd5078b7f059a,train,mug
1522d7b6d8a14f4f8c19f996320fdc09,train,mug
c25119c5ac6e4654be3b75d78e34a912,train,mug
543c9a06fc8f47648f440b2c36b354d0,train,mug
9de0f410e48341bc83b7ed43a864e34b,train,mug
6702d5d92c9c416eac5cc99ee383ff46,train,mug
76c92ae8920e4bd4b553122fadc8d570,train,mug
f5e8252067fc4fa5a1f79f4e3d7b7c45,train,mug
86a4e42f3f0e4847b58413ab69f0c789,train,mug
9f57c839da2b49ba9fbdbcf0a8868ab0,train,mug
e2b0bc9174b3467da5ffaeddc44fca8f,train,mug
047462f5fdc244339511f87f4df49446,train,mug
55b689d55dbb45dc8e4a5d7d76e54daa,train,mug
52d54d64e2544ace8a41d33d2ee03fdc,train,mug
97ddd7db0b5b471983db0d6526991dc1,train,mug
ed42b058fda84754b4a4ce96b17bc91c,train,mug
3e5b44b8eac24e2dadcc158e7ae421b2,train,mug
19df061c4b2042c6959bc411a3ca100d,train,mug
ce6383d8fb27451eb8c39a7193194307,train,mug
63660b72eff64e63947bd7fd84629d94,train,mug
f173eedc45904558824415d09646753e,train,mug
1b36172e3e254b46a973f0132c4b2e08,train,mug
1dd9b373e3084cc0914a580ce5728cf8,train,mug
005349b8ece7424984e8b1f224a8dfe3,train,mug
6e74ee87e8a94e70ac369dbb2d53b0ae,train,mug
84f617a1db9d48bb8521a78b6c80b8a1,train,mug
2d62085f95e64665bf8eb1e623f1f0f3,val,mug
58a48a137b03468fac88eecc6dacbaf7,val,mug
e5e87ddbf3f6470384bef58431351e2a,val,mug
157ab13a82c6409b8ed79ee1073e2227,val,mug
fc63df9772a4474ab070fd765bfbadd9,val,mug
12652c6e0aaf44dda32aab816f433baf,val,mug
95fe6a8daebb4ea5846ace8c0806d108,val,mug
b4e5f0e6367e442c995eb1e241e61f74,val,mug
057ed726c32c4e0d8912d04343e7bf5a,val,mug
a30aab65d235438bbfc6699faaea762d,val,mug
a564a11174be455bbce4698f7da92fdf,test,mug
7cc9e64d7ffd4e369595062abb3ab177,test,mug
45381c7f838540d88ed85cd2f00cb35b,test,mug
6543aaad61124f99a2296099a7f56748,test,mug
7ad83b29ff75452f99415fee5b99d993,test,mug
45ea75466acd45f481ac0fe22beb4aab,test,mug
db9345f568e8499a9eac2577302b5f51,test,mug
4fbbdf9506be4b6ea0d4ce74007a37f8,test,mug
ad2546804e8845b09e5db7c6db16b704,test,mug
c645474193ba436fba3154521629692d,test,mug
38e53299cce04fe19235b8b198f7818b,test,mug
c7f7a78ec67d42819bf33dbf82dd1bbe,test,mug
7ae72d29ede943798623e11231b70109,test,mug
96d0e25b866c48dbb7c90d26298c91e1,test,mug
2c88306f3d724a839054f3c2913fb1d5,test,mug
3146c02a2b5e41b9ac8481c66c8e1ba1,test,mug
2cfd0923c01d461d9513f63464bcbaab,train,shield
5fe65070674845a588140aeb5f304d19,train,shield
9b1161c5e56e43218d42c639e3511fe5,train,shield
2241e09cc3ad40a0a6da20cd76d7baa7,train,shield
58cd445c1e0044dd8af2009d51b7be18,train,shield
478d053a749d455b85ef3f66447db0ed,train,shield
930f77af675b4a72b0d63b50f25fd37d,train,shield
6471ba5bd6ce4951b440b7cccbaac56a,train,shield
a850e7e51d584b3eb922be4e0612cd5d,train,shield
b495045700ec4b10bfaf40d3ae713fc7,train,shield
f405dd5b3e304f66bb4502467ca7fec2,train,shield
b041673510a549fb83627b5689989f06,train,shield
a5b9de6b340f4527b4d99d579c8c844d,train,shield
490a5cf17e414841924a2407e50787c9,train,shield
fedc520b63c0422eace2b10bb39fec10,train,shield
f84a07fb4f4a4ce88b603b031b9e6844,train,shield
9ff12795a40e43c4906558267bf8581a,train,shield
63b85e11d9ce4ce4a764970a32be67d9,train,shield
0083fa5f10a442408e0f3f88df19c8ad,train,shield
df772d5a4c2d4f849f44969a4664fe4f,train,shield
2e51bceeb4864a7f9a78731d257dabbb,train,shield
794c039978bd4703aa6fc1bc7c0cdc8f,train,shield
b99071b8e5ba4163ad6c441da8cff4ea,train,shield
80deaae4d6744299987d68a4677684c1,train,shield
3bcc0c28ced04e3abf7f6cbf004d46b4,train,shield
f8a25f8a4c5345e9a19c201da2edcf33,train,shield
e9aa393ab42e4bbd928965f2614688ee,train,shield
094e79ef6fd844dd97f2389564b48bd0,train,shield
8f9d614f2cc6469885c3cecaeba7c28d,train,shield
907f998c388043779ce5a66096cb6882,train,shield
12ecf41ddb8b488d9cf3820ecd56153f,train,shield
46e0eae500c144acb4a26d31eb8f6d56,train,shield
411c990e22ec42b29926275308abfed3,train,shield
bbcb084ac7dd46e9aa20acad273138fc,train,shield
02d9cd99adae48ba9119adbf01003b97,train,shield
89e962fcce80418389482855f48778b3,train,shield
79c4367011ba477088f1e14cc18d945d,train,shield
b98b8f64d935415aab0fe9b70074511f,train,shield
d8ec9bb3dfce444a8dd8a34d673c6feb,train,shield
6cfe19c7198445d4946b534187ca93e2,train,shield
c8dd0c421bcc454b96b67f747b18cf4f,train,shield
c0fa4fa507074ed7b5f4f2b557827ded,train,shield
31ecdff2bc3747d19a51d49507bba740,train,shield
7b30bdb2ea7a42a7af31ee9122d75f60,train,shield
7abe9a2b33d6443d83b5d54e467aaac5,train,shield
bc0944e3a4fa4dac8f13172a71a11302,train,shield
cfe7bde3347847b597516072f72edf1a,train,shield
f7f8920be569488280d6403acaa82511,train,shield
f2834e5557a54c9a981c45d07eae0d4d,train,shield
5704fd30ddec43a2b114b1334a7569cd,train,shield
ae0002dbfd2241488a8d0a586925aae0,train,shield
2a3aba2c1ef041168fab0c595e2e5882,train,shield
a718744443134eab8c5e009060f5f564,train,shield
c17223df6bc64761aaab67a0a68296f2,train,shield
7fd564b3442f4e72b233b8810ac028ee,train,shield
1afa71987fbd4632af1f13099c9f94f2,train,shield
eb3df3c8001b4778ac36156bd1cf79ab,train,shield
5972eb71426b432dae6cb195caa581de,train,shield
d3e56ae3e65d470e9cc571f2daf761da,train,shield
ffab08d869334ea6bb4ddbca5f902fb2,train,shield
16f756d366df480c9d75e8119c253715,train,shield
22603320c8274778ae15fbf5c3738f02,train,shield
c24a41bb09eb4cae8723d232043e5456,train,shield
2cf44ae766904616ba5ba85db6107176,train,shield
fa849999a46c46bdaca951f9627804c1,train,shield
9ad93c7544ae4f6fb242092d1ec7a5aa,train,shield
9ee0d2b706544e8eb9504b1818049760,train,shield
e2fcbccf4d2446bfb25dc5fcc7f26af0,train,shield
2ba45650e964418e852d9556b49b7608,train,shield
b5883c4ea9ce48798274f0500bd12d1b,train,shield
458fd383476d472eb0ba43adf850206f,train,shield
0d097d04f0b04eb7adb0d6132dd910c4,train,shield
7f5c98f90a5f4328a4c1769c4ef2b8f3,train,shield
46c68918ea8a4d848a8f7d9a1faa11b3,train,shield
159eb0a46ece45f387644535fe07daff,train,shield
9d5448676ce94a8c82d120630577ebcd,train,shield
8087beb1a14e439ab8e713ab4326cc83,train,shield
5f6fe846894044dfb8d5fcfabcfb1ebc,train,shield
c21e2a4d650b41abb3b24540494ea71f,train,shield
250065271a1e4c45910dc4aa6c3ad735,train,shield
1934240d051b435083855adc4eabaa73,train,shield
251e0f75dbc8475aaf2faab9e72fe15e,train,shield
041ee3f9d8ce453dbdc1a696431041c6,train,shield
cf1fca4ccdfe4e92806229df60b32cf5,train,shield
66b1175827b349d183341514e3659ce5,train,shield
a19e79ff161a43a4abf2969e22707d43,train,shield
ee801bec93124d479ef2d41d4592d78a,train,shield
f5d250b76c8e4e3488587963900cbf2f,train,shield
33aa56c96efa44aba978240659bd1f62,train,shield
709b7464d77a46b3a7fcbad6741edaf1,train,shield
3ec809a3fea247e39bf054ebe676ecec,train,shield
e8f94dc4787b499ab9c4974b7a447415,train,shield
9514735916054455bdb644854fb78f0c,val,shield
2eff26913e0e40ceb30558ba5256fce0,val,shield
e8f88ec0a31b46e8b48c4fbf23e47b03,val,shield
51b0d8180a2540fe97b6b514eb475de7,val,shield
2d953b63c4514617ac0fb10d3f601a41,val,shield
548362a5ab6f4c8e8fda42143172614e,val,shield
ee435def4a3d447596838518b2e35af1,val,shield
33e015d4910f45b993362919a3787d0f,val,shield
bb6d66a3db1c46758ad31b6e12cc318a,val,shield
96e4033e6ec64c1b826f9180a34af241,val,shield
75b58a3f353f46f993d7493b279520c5,val,shield
dc6a7d667d5a4b269356986633983d77,val,shield
052c371216ca4e4086ca4d866368938e,test,shield
9626b82200e44a5ea4a0ac5cd8020e3f,test,shield
a40b369b82844e57af5705f113432113,test,shield
8eb0febb200f4ccfb63b1b1564ae024a,test,shield
ed11e4cd21124037af70dff7bb69a1a1,test,shield
023e632efc7449338e1d5c56e220cab1,test,shield
ea4038496c9e4cd2a72da94ff04f3daf,test,shield
4e37b84aa5e1487ebb71c70f5142a318,test,shield
c3b7d0a31071455db92cced63feab66c,test,shield
b59052f4855743009fb4ddc870d98750,test,shield
41e3cd8afb714ef78abb42a517c7f32c,test,shield
0b7f13cf550b4d0d978d9df855c40c32,test,shield
0e21675682ba457ea4e3e78e16bdaaf4,test,shield
e90d9945f68d43ef9e04157eab355f8c,test,shield
60d3ac53be8047ff819ad624079c9400,test,shield
a05dbf30fe1d46b397c91025b075fe05,test,shield
ce50a97260bd4079b67303c9b38c0af2,test,shield
a3101697171f414b9df6fe8298654108,test,shield
4e62892943474f0eb3658325c6a3f32f,test,shield
03c53bd7f7644377996e5b2437ff93cb,train,banana
b0d1aa58ef3a442e929363e8422641c7,train,banana
5dd87a342bc64ffd96a4fd1dc48e89eb,train,banana
79efd1dd561e4c7891ce3818340406aa,train,banana
8b9955cbbbac4615be02728d2fda6106,train,banana
f25e5865ff8746879c61c4b8158259f9,train,banana
56f5e7a6e4fc43759cac4ee99246a98b,train,banana
4d4c8d85a09b476c8136f0c4cd24c45a,train,banana
63c0c5e987974c7ea48a4c86e0aa80fb,train,banana
74400c6fc6ec4ae0b11e381de7de2c04,train,banana
78d7972d52c54036aaee0d6af3d07d5d,train,banana
a0c7a75e24ee4f3998f8cc1d27788efd,train,banana
7b842974a3934b8f933ee7b7e6627d07,train,banana
af2fc0343d1d4588ba1e9cb29c92d16d,train,banana
24fefce253dc485da154b6655bde8133,train,banana
2304f145b2f645f5bdf6ee4563ac9173,train,banana
6d99c6c1a8bc4b3e97cebbc49d62115d,train,banana
028021b978664a108c8e1f2fe7d4bf4e,train,banana
f830aa10c0274c3994f47ca0ed990681,train,banana
2e7a7ba4e45e48858424a62e4b1490ee,train,banana
ade2b59ff37c44059433414f39c94abe,train,banana
5914ea701e4648e2bc0d5c265b7b4059,train,banana
a472667c9d46488fbd0a7404be4f4eff,train,banana
3910e3cb04b04858a5e3df19b74c6d90,train,banana
1de9ac4b1a4e46279c271747becbf0eb,train,banana
3f818967cb6c4be4a86d7d068ef9c506,train,banana
cc0099a687194a31a052ac761f5fdfea,train,banana
af936b0e9b6f46c187cee334e957519a,train,banana
b4065dd5ce9d46be90db3e1f3e4b9cc1,train,banana
501287dfbce54bae986b31d1f364b281,train,banana
86f3695a2b2945c9b6428e094d580c33,train,banana
0238adfcca3e4727b9c36eba3a9eb7cb,train,banana
b1a7c5dcf8ce4c62a3c7bdaf8a4c6783,train,banana
be9888a7a5c34c3c8e6377969ec78741,train,banana
0ac2e7f320d44e84a2647cd81f250107,train,banana
1787fb8e12f14318899702ae6c502de5,train,banana
5ce655ef5a7245fd976b395f41182eb3,train,banana
da458ec5c1be4d8f96be9c52f49d4e53,train,banana
bf76ef97ff844d5ca9c0de2e7985544e,train,banana
690afb5cd5114368939b5fb4728ba516,train,banana
8e194394fb864e2da73913b89e240a71,train,banana
b9214be998c746409dafa3755150fe8e,train,banana
49bbb15e3a5b4386bd1fe27d37335d08,train,banana
c36d736d644e4a949d1301fafdb65249,train,banana
d2a33405d2fe447fb1ebb5d82a71acb9,train,banana
ae274daf47e341a6bfddbb1b47e73f58,train,banana
a85a316bfb8f4086a6f3b282a339c596,train,banana
b1e058916ac24415b2b7c74ce18db2fe,train,banana
22d0965baf344085b8ad8f750b2052a5,train,banana
fb1b6fc41f7e49adbf467e5e5988d190,train,banana
dda3a1f707a94c52bed79578e120937c,train,banana
560b013c4aed4cc093de013c517b696d,train,banana
974b3c976d994bf887229408ab944281,train,banana
c7aa636f24e345b3b831271bf7f1fe02,train,banana
fb8ff119e9ee4ca0bba589ed6e7178fb,train,banana
c4f9b194abca4db7b4cd0ec6270f9d60,train,banana
4cfb8a1570404234b8044ed9eeff71ed,train,banana
275eb6c21a0a47b3a87829751a7e7721,train,banana
7b2a96dc42fd43b4bdd56bfecc29d56f,train,banana
1e23afcaf076420786d8078b479b0424,train,banana
e0c2951ac0ca47b8978b2a6eca426c3f,train,banana
4bb7ef9802f64bd693df0f6934cfc49f,train,banana
50f35f0ec8be493ab9f2d478abf89e8a,train,banana
19e6236a1f334717a06128e5c892be2f,train,banana
8b7831b323234d70b8a553b67de90ed2,train,banana
6fc4fb026f0b4cea9b504da6215f27a7,train,banana
d2f132d527ce445dbd07b335e0aa020a,train,banana
088c1883e07e4946956488171e3a06bf,train,banana
782e698b08854d0691a9e61a923c3e14,train,banana
bdacb14603354250a2a9bf8fed27640c,train,banana
52b6d5de9f8847dba363a93761874c9e,train,banana
d48a903d948345e9904fba6e19345f85,train,banana
3d5197b499ff47308fcdddba8650fffb,val,banana
951e741587b643869017c5912248efd0,val,banana
77c6c8ce9199433d8f81cd77f99ba978,val,banana
ff2d841d2f15424689a851c17d452efc,val,banana
3a109ddd80bf4c479b5030c87e3e1707,val,banana
e5c50afa83604537babdec3198322fd7,val,banana
a39e86420f7f48d8b6ea4c8f80090635,val,banana
ba54be49b0d349d68d7a0702adafc888,val,banana
cda9d8983e4e44bfa9aa176a079d676d,val,banana
69b44b50fb484439ab880c853ac95a3f,test,banana
d63568fef8e94cc8b47aef0aef1c1655,test,banana
5d99827c456940bf9055dfe2dbc561e8,test,banana
404dc4d7d06147078b3bc00a82250e0f,test,banana
4eb3ba34f50b4348b74a3f9a78793397,test,banana
850b0ae1514247aeb069eb1d63738ff0,test,banana
a8885471fd424baca0493d1eaffa10ae,test,banana
693f774894aa467eafe5c7d53dd3e67e,test,banana
5e68fc39623b4773a53a6d084782a6df,test,banana
30ccf8451bd24578adeb9f8d124f1553,test,banana
7e3b35368929485d89df5fe9071afd06,test,banana
54a13e432b9a488ab35d1c6644d9bc0c,test,banana
40c7776c79d04366a7f9361ef8ab9558,test,banana
7579a5b6399343a88dd75e59865e3198,test,banana
8de5d8f3c31f45b997feea9067b69f45,test,banana
79d2efd45f6c4782a822e693e6d50585,test,banana
7c7b7cae6f884c9c9b90787389deef6c,train,apple
dd324f84d894471da817ef20e3414c27,train,apple
50492962b9f641669238d37e071e0bb9,train,apple
2ea85fec1d3744fda5e00337aabc62be,train,apple
76b8b232c4aa4a91999d949f2cf943d4,train,apple
de75f62fd597451d9121e970429a313a,train,apple
758801b2181441e086f8e923d51c763b,train,apple
549dd016a9814885a94bef3231768976,train,apple
0ea33b6617174530b97d6b7a92c275fb,train,apple
7a1fd10448e34fedbe4b9c585709f250,train,apple
da0cfd4c6a4e41c5aaf06797b463235b,train,apple
e3173857f9384aa4928daeabff75da44,train,apple
e42b6a497d484cccaca4d19978b8585e,train,apple
98c7f8fb0ea049a0bbeb81628cb133fc,train,apple
6598a733446a4cd68186db5c8410a2c3,train,apple
353425eaabde441b9b851f3514c8fdd7,train,apple
be875ce2075d48fda14a9a30882a51fe,train,apple
d5de1bd7d24c4d5eb9fd0e55fada7954,train,apple
e90e9810ab8e4e08843f57395f5fee59,train,apple
b3ff2dc7dbfa416ebd6d7c6382cc21d3,train,apple
59ec6f10d16f4fe9a683462e3c780386,train,apple
8aa0a3ac43364e12a14769e8555662de,train,apple
4394800e93b94b04948eb997b138342d,train,apple
42737da524e14c07ac7b35f3e64c1d69,train,apple
fc7cdaabeb7749ec92d5fe3e71d97478,train,apple
50ffb91434ea4d978eaefe03220d36fe,train,apple
e5d2f0d496f8451b87c08c432781eaf3,train,apple
2abf2ca0bd10437db2e4fc8d08dc8368,train,apple
1a970e6456844320b3247779f68d5f2a,train,apple
74adf6836c3f4d93a127d964f077db4d,train,apple
0b9a44cb896d4076913e85b3782b81b1,train,apple
748254fce5d34002a4c153811d2e5f3d,train,apple
ef8b3bdd350f4803af98be1b3fb2aae1,train,apple
60f8a7e073e4497dbf638b51f101cb43,train,apple
a4ecfbeef9c446c88d69fef8f5c2ff2b,train,apple
31a25f4eec454e04b54c7d4e6f942b96,train,apple
152ca55383b2491e816f5ed5ac127677,train,apple
198adfef07ac45c89ec51529b1e01c22,train,apple
555da5d0183a4b13901999d5a58ae746,train,apple
932c037c0b30461891f8af1abaa9e7a1,train,apple
b62dfc66750a49a99119a0b821ab7aa0,train,apple
db4defc696c349f5abe5a99d00abc9d4,train,apple
03e4ffa802654cea865fc8ebfc0d27ed,train,apple
bc2c7bdad9fb49d989ef6cc88d47ef07,train,apple
b6ef9a1621b241f2af756cedfa742f91,train,apple
0bfc697c50f447668b6f831a16f1f7a0,train,apple
9eb45ccbc540440b8308001b50b5e321,train,apple
a7690c6ed7214c6bb89fec1ec3f86135,train,apple
f6e18dbe053d490382e5c46fa9ccac31,train,apple
7a179f2b4837457eafa66c2f7094d280,train,apple
73a0b42692ea483a8bd9a18097753bad,train,apple
463ead51d6254a12bfd623f840e5ca21,train,apple
b0f59aea79634f2ab5a5eb0467e0926a,train,apple
2e370295f3404203a662ed5df91b291a,train,apple
89964403eac1478e9f0734d7b470bc08,train,apple
591fa396a54f4941bf50b451b99a6de4,train,apple
a7f5127362284174bb723fceae47732c,train,apple
84286947d3ea4ed195a72c25125f60fa,train,apple
35feaa052a88429a97b251f89be42fd1,train,apple
b4a8d2cc8187486892e6016d2cb9b600,train,apple
096eb5fd9b044b7688a026eb7f6c892b,train,apple
b82595bea32a46a18574cfd3e1fffd3c,train,apple
fd77489fe5054a0e8a1e5b2453154d2e,train,apple
7fbe323be68742419263845302645be6,train,apple
60afac65b571470e841856afbfa4d0a6,train,apple
c6bec657b24c407b8e1dd15d376b83af,train,apple
0ec03fdacb62498c83cf4f644ef1a253,train,apple
d374a61f65ed47628d80d847bc87abf8,train,apple
4eb072b2cdbd4277b63d80b98c9261ea,train,apple
89ab416f35cf40da952c634ac955b300,train,apple
25baea74f1914aafb9ddef58d0106969,train,apple
869d04103ba641e79c8530644859bd87,train,apple
3dba2b6e4098420c86be2a45c14f1ea9,train,apple
d2c2036181114dd789a0c651ef66ec34,val,apple
8712580755e742158ad75bbba82063d2,val,apple
a2056ccc0ed14427a42610e56fb7bd5f,val,apple
ea320c1693164d65b12322b478991efd,val,apple
f50b83b0709b4b64a77e3465c982605a,val,apple
5c4ef7a0506646ea9f42a88addbfc567,val,apple
14bd0d858839450d9bebc359c07779e5,val,apple
36c5a7d36196442fb03e61d218a4a08e,val,apple
a9d7e5034d8b40199eab339ec78d22a9,val,apple
0176be079c2449e7aaebfb652910a854,test,apple
ebbd381ff003415b8ccf863ee49e6d78,test,apple
4786c095259146b393dcf903ca6c519e,test,apple
f3167ad3e86d418dae93827be63541e5,test,apple
d35b5a6c707345c7a66c81c40087c43d,test,apple
19d1a8e4576e4f65877d6427a923fd41,test,apple
4d70477854ed4108aacc98b1acf671dc,test,apple
588278115f92444fab01aa121da0b244,test,apple
b496adbf9b924ff99939ad38330eb3cf,test,apple
0e89da693a494bf98c717fba30a3676e,test,apple
f53d75bd123b40bca14d12d54286f432,test,apple
c54fd173322e4e8286e170cf85697ddb,test,apple
4c19ae47dbe8468285ee53ff487fe51a,test,apple
61ac73177fe34cc4973ff98830e10b21,test,apple
63e2323f49db4793bd087e67b20ac350,test,apple
504c56d674564b90a0d0a783dc5c381a,test,apple
fdc3e88a736a4bba9baf9ac273a90ad7,train,seashell
ccc7eb2d3337475c9975ec337cf30c63,train,seashell
8192bb082e2547688f1ca4a30786060d,train,seashell
dc4b8bf86d8241c0af020071f9f73b2b,train,seashell
554f19b02ccb406786cf1c59c64ea17c,train,seashell
bdd4181dbe334192ba5385810c9a58cd,train,seashell
d4f9862c66144f16abb8ceb35bc8e7a6,train,seashell
640c21b704f34eb5a1672fddd8c20fd1,train,seashell
0ce1ea1943dd4027a36390d63164046d,train,seashell
63c67f615a5e4878b9cf20163401d2bc,train,seashell
b945655fba264c898f1ca5ee63c7496e,train,seashell
b6c3662d06f94b9eacdcc311cac51587,train,seashell
218caabe4d1646a980b0f8c5584f5c90,train,seashell
97df1d8f468c4899b6a162bb8ac9fb98,train,seashell
4da1c40724254d9e80b0095c36b33d1e,train,seashell
3b46b998c40143a5b4f530ec562df605,train,seashell
9b4acc4a177c41e984a0199c6fdcf90e,train,seashell
51501258d322425a9cbf5148d353eec3,train,seashell
cbaf37cd86b64d9987407647537d123c,train,seashell
8df10ef64af64351a677037f22efffc6,train,seashell
73b98b9a1e664b60b4f614fddebe8bec,train,seashell
13b73d286d1d4db785cb56c7d472d6ed,train,seashell
bb3bef5d64ce4b0e91acf932b25fcb1e,train,seashell
ae01fcb32cc34896bcaa3827abdf36b3,train,seashell
0d7cbcc6f6bc45eba998ebf86250b705,train,seashell
8d253eceb0b84626bb02cad8a1c0f9df,train,seashell
c43801143ab6470c875a146210cdd8fe,train,seashell
b3020a2956ca4497b1b7b9bf48c050d5,train,seashell
5f848f99c3f044cfaf53ec4ad6cfb179,train,seashell
7f313ee9965a43269cad9abadbfd3087,train,seashell
1bd0a8743a704cfd873143a1727ff0a7,train,seashell
43df59c45e3f4b15bc4031cecb5f5d51,train,seashell
e8ae80bec4884254823832d2ab2676dd,train,seashell
14ad8882f90b43d7868afec5148a2d68,train,seashell
789ecd663bf34038a3c1e9e9ef273f50,train,seashell
6d1a75554c174c12ad83de82e494fdc6,train,seashell
ef4ca7699fe94c84a6954405502eb5a1,train,seashell
d9c9d8f795334aefab4442e380d20d5c,train,seashell
bdcb485bd6e74550a091e7a47eb87660,train,seashell
8a4fa265227e46489bca9739d71e8542,train,seashell
544714a813ec4050aab5db09e5afb17c,train,seashell
9316c6a4a4da483fb5941154b0a6d20e,train,seashell
3113acd4e90b4b8198749b99c704e72a,train,seashell
79a43c562fd1402b8acd2984eda5d260,train,seashell
0068a53f561d4dccbaef45841107a42d,train,seashell
d470399390d84c81ad409c4f33f21a24,train,seashell
f92489a55882402ea3fb41a6aa5b0fac,train,seashell
bc4b85625dd045608b498c41f8b5c1a7,train,seashell
e8db7c2f2d1147c1adf2c8fab5670ae0,train,seashell
b1ce0f19a2724905ad0a559f89dd9678,train,seashell
84df0986e19049b69a15a4f1db8653f9,train,seashell
101cf07c250b4d95827797c8dbc8fecb,train,seashell
94d4fb18b7e54635b9fb97c862ff990e,train,seashell
1605b327215b4246b6b8cfb3ce296cfc,train,seashell
a9bffee2cac14831a5190d8f9252eb71,train,seashell
7df28e36733d48cf80bea6e42a626523,train,seashell
02ca62d3440b416c967f33c883b61b65,train,seashell
266749145fb748b98f1aba7b168c16fd,train,seashell
6e865e4cd26f4acbb80df1d46197738a,train,seashell
c432ff776fa44b33a00100cfa8ba4df9,train,seashell
c2c99c157764423ebd85371c083a1d39,train,seashell
0e70c34b4d984442ae39ee20e56bb31b,train,seashell
410be9cdc3d84f6a9f139189309b4891,train,seashell
26563b2166ce49d6a80b77d02983357d,train,seashell
b9d7d3742a5e447daa28b9c50cd6cb99,train,seashell
f3f9c9afab474d34ac9f0b2d57f41d93,train,seashell
e83c46aca4bf44c5afaa0b00f590d714,train,seashell
b9bbac4416a44da4b4eeea6026efffee,train,seashell
04d9983ba04242fe99182d4506ea0714,train,seashell
d37f2ff2083b4c0e86d9ce86627de1c4,train,seashell
fc6c4766cf7345528c5b1ad1ec58b12a,train,seashell
a373f7f69cd6454aaa69502a369f2494,train,seashell
9d5cb1b4fc2a4c61b4bc14eb92b7dbf2,train,seashell
585464dfedaa4095a5f0f5b3c1d15cb6,train,seashell
ec65400e36f8467284f6cfbeddd3c7d1,train,seashell
e693a7b4f7dc49a3aaee4048f986ed14,train,seashell
ebae705d0a404d4595f7ec10b3765579,train,seashell
de341f98e34b441ba1727fe9604470ad,train,seashell
dccfe07222264fc2bd9dc79f43d8b000,train,seashell
a2a02e46c64a4ef283fd97996fbe596d,train,seashell
f61affe06e6b48cb8ba40f60139fa0d1,train,seashell
bf2d05741b244d34a86d0fa6ddff3cef,train,seashell
655f785f49c74aabbc149fbd41c60d0d,train,seashell
703b12c3b17949f6ae384b8bc39ff56d,train,seashell
e722bf80ce1149c5b97b574e58ab9d6d,train,seashell
fe7bc025076e4e8f820e68e97600f3df,train,seashell
6e8201d113e44c1aafb189238104f377,train,seashell
1c18d985532246fcacac07437dbc4b70,train,seashell
6e9b43534e564e9989712aac6dc68ff0,train,seashell
7a3f9b9ace0f4d9490ee05d7152c5980,train,seashell
70527e0ca1264257b836b44af5e242d6,train,seashell
25f1f1ff0338408d9693ba770cbaaeb4,train,seashell
704235509deb4161939cf880fc8dc66e,train,seashell
2ed069355ea24bf0a995a978d56c5622,train,seashell
ae909c439e2c42d9a8cce8196513ec9d,train,seashell
b9df6a37d2d744d09eb0d7f2659682bc,train,seashell
cd14b616da35470eae6894259697314c,train,seashell
e37ba665f10e4c42ac07b682f1a21436,train,seashell
46ba6fbc8927452ba8a4862b2c4b617c,train,seashell
d7955e29c0184bfa87f96c2927107c86,train,seashell
b7904ebddda24d58a8e96fb9a539d4d0,train,seashell
eae004cbb5844f0a98f3e72acc9783a7,train,seashell
1fa51efeafc44a729e86e9bf6f7403c5,train,seashell
540c6d3ae07f4e7bbd5a87bbf760d354,train,seashell
792f1d88997640b2bc307cb67f0fc59a,train,seashell
c68fd9757dc44c2a9325f0aa44885e36,train,seashell
500b55ef102e453ebd4fddb2f3c8b3da,train,seashell
ef747c3b04974c0e89a50247e57553f6,train,seashell
a4310c1d5ac24740a85dbbe882ee9911,train,seashell
be775135995c4734972317dea2c0593b,train,seashell
420b54e055f445c6a988296c9d2cb0d8,train,seashell
9a7f48758b8a4c9ea6060c58f72ad21d,train,seashell
b65c33fbc9d5459485ae0176187f9e06,train,seashell
3823ae0a401c43d5a02f4387a789db05,train,seashell
a6eeeb8dc3ff48ef98c8e0a8101eb6a4,train,seashell
3865850403ef4051a1f132955b631912,train,seashell
5eea9c1d0bbc4e80822245c79fd70938,train,seashell
27f7cc9385f64f29a6fc4e00d3fe0b9e,train,seashell
1e5e3379367348eeb34455dc799c4719,train,seashell
cf7da692266942b2a63be9e954af7284,train,seashell
13956b540bd8410d9139c99efc36844c,train,seashell
f7c760e4f9e24abea2065964721b2e76,train,seashell
ff814230abf44128af37ea768b50ff90,train,seashell
bf63078640ee4df79b51f21b7ea5e0db,train,seashell
04dfaa8daa4546349aa0faefb8c4ebf4,train,seashell
9b27119fda9c4c128d8abbb057c60550,train,seashell
7ae05225fbb04e22871d9f3310d1daaa,train,seashell
fe09d52222b64b50a84df30386890a24,train,seashell
70aa03b0f0e1477f81e9ce637d2140da,train,seashell
8c4acb02deda4b7e888cfcf607b6c10d,train,seashell
708f83d6fce940c5827cfd6ce942004d,train,seashell
c8b5cb9b83404c69b667cc043098a241,train,seashell
8ba97f1802a94dd9b2bf5c59b11bc4b7,train,seashell
aa1b0884707f4e8e9510d41cd0859391,train,seashell
9e98d3a8dcb1443888dc8e6d9d3d6ceb,train,seashell
01922143cd9a477d8f5ea5f805637691,train,seashell
551b3bf83c8a471ebd18398ae8ed27fd,train,seashell
89e7a4216de8417a940cc16fb83f04db,train,seashell
7693ada7661c4035969961c6124d320b,train,seashell
a41f562437524ca3ae02bd4cab248d95,train,seashell
47859810e9854c0a8568fc7e8d01f1ce,train,seashell
e54cb84dc88144f1ba40c69c4cc6a5a8,train,seashell
a30a8ed14b9346deab20e6a3bcb768ab,train,seashell
633bd6eb599b4e5c8494bfc0c3c12cd5,train,seashell
290c94f1bb394656b3970972d94c52fb,train,seashell
dc1fe22f12f94049849654973a833cd2,train,seashell
61c37ba84ea0476ea39bd3320c771baf,train,seashell
e94ec520e9ac49b4afbbe85cea98a2b4,train,seashell
5aa3736a4568498ea1cd62c0a0aeac5a,train,seashell
a6c732bb747a464a98b2ac2ce0e90509,train,seashell
1c9c2fe36ecd4ceabdf751ca1f20a9fb,train,seashell
0d0d3f7f0ef744109a1cd7515b525fc4,train,seashell
cf0c100d3ee44371ada969cfba5af34f,train,seashell
397e9951063f41769e5512dc74a484ea,train,seashell
8feb2d0355754e8489442abc5bbfa1fd,train,seashell
fb488cc23f144bce93e16b1412ea36b1,train,seashell
edbb6a11d2cb4148a678315097da032a,train,seashell
d4c3d8b49c8a402d9535923addbe7608,train,seashell
efb74c2eadb5416695f3c76d59c97470,train,seashell
7d670c0cc0b44ae184e5a8ff6781d194,train,seashell
7c002d179f394fb88f5ef8f3fc45f5d6,train,seashell
e8aad827ecb244e28427864c57b18587,train,seashell
e643f2f7a1e84a029a24958a57dfdd6b,train,seashell
6c6f657a31d64c3281067f5c5993af4d,train,seashell
953d35b8ae894ca4a300a6127bb867d6,train,seashell
664d5ecb84dc452e82d658b05aaf59e6,train,seashell
c4c8ee02e74b4a1a825da6daedfb6a4c,train,seashell
4fc02498c4984af8b052980c350443d0,train,seashell
25ab6b60bd8a44b7bacdab78367d3f7b,train,seashell
407e488680a7423082ff32d0d538f621,train,seashell
e55e14624c824c9a8e786433aa43dbca,train,seashell
d5a1ef2b99d14051af1cf4ca621cbae0,val,seashell
6f5f534f002b4402b2043fa09ed6441a,val,seashell
540aa91ea50e4cbfba9a2513f03717ef,val,seashell
890b608a1d2b4b55a65a2d56352bfb8c,val,seashell
6cc3855fa5474bf0a11ccd66b12ab513,val,seashell
7871c039c2e7403b81f0471897158c16,val,seashell
fd2905eefcb446c08af5d877dad42681,val,seashell
3e8816e5e60949429f8e6166b9b004e3,val,seashell
5384d68eca3741b39efe6b71a663cc4e,val,seashell
accd8ef3844e4c168f8d950b99a80482,val,seashell
ff48a0f2732b45a39717416d2e0f545a,val,seashell
3aa6b75b5512461cae6dea9613be60e8,val,seashell
e5a650eb7c25420b86617cf9c86b4146,val,seashell
96870cd0220b46c68d66ea534a20626b,val,seashell
67fe4d2563144f7d85bb7c3a9d750718,val,seashell
c506ba42e60148cc9e00a07b1ac7d707,val,seashell
82e254afff364e27a29d8581dc44f8ed,val,seashell
b3eae6aa93ce496a888715d4681cb55f,val,seashell
2b4ed6a6259141ada645905678c746f8,val,seashell
1bedca252e4d46d7b92826271a578154,val,seashell
231d52e653674a5e9b0eda68e04b40b6,val,seashell
1e4f938386fc4064b9d551f73c79854e,val,seashell
8b1ea56831524781a70b8426faaac334,test,seashell
d2a79c02a5ad471d90cc975d0033b8e2,test,seashell
fc9167bfe68c47b18beaa8dd9ddf346e,test,seashell
4f951f6e42a4453fa70ef085f3f23e41,test,seashell
f11f1c41919c44c98ecbebc6727660fc,test,seashell
411c164757fc4de68dfecb35fa858223,test,seashell
20b9ef2a6579426da3a2806fdbb1c981,test,seashell
29ae2784728b4b91aa452fd694171ddb,test,seashell
5bf702b5d0a848c8853a28e5d37aa798,test,seashell
e149e92179364001be680fc39064baaa,test,seashell
b16f3bf656df4a029d869dfbdb5b390f,test,seashell
237b34caa6c74e74b92c8785bfb9ee8b,test,seashell
432bac3ec4404399980bc3565baaffc0,test,seashell
b23dab375c294e958124bf82318050f5,test,seashell
d46e8e7c53774dda9b9f84abbd07cafe,test,seashell
044fecfbb974460fbd29ee7541745501,test,seashell
df3ef5212ca2417f952e4b0c795b3849,test,seashell
d0c620986bf142bd9ccdae83bc83a59e,test,seashell
5fedb66c411042f19de0257395ac2fb8,test,seashell
26198bd869d243489aa7b6ab03a83eae,test,seashell
abbdbd6b5d6544378d8b4fd09e53fa71,test,seashell
134f03f9454e40ccb7537c1990fc3e91,test,seashell
3330182002e8463ca1d50e6927ddac32,test,seashell
12c82a266f8c4c79865e7acfe39f334e,test,seashell
742a5f4a7bc84abe8d0c645cdb411cc8,test,seashell
c7fe6a75ca2e4978b5eeb9ea7cd3f135,test,seashell
bd44c05b4353483eaf89745feb95b059,test,seashell
d1639a54c8914994b09efd4fb00ac885,test,seashell
59531483d8f94dbeaeb5ef35ab677e87,test,seashell
139e5a5886e74fbe92e3b8804973d6f1,test,seashell
1ce07fffeaf74071a5097e6a075d9e0f,test,seashell
1ca90c233cfd4fa0bd52077b37efde97,test,seashell
966c78478dd34a1bb581cc8b44db04cb,test,seashell
6b36d2db270843a8929ad72c8a8faed5,test,seashell
9195c7ff61664243b0743265a1a21598,test,seashell
78c6c82ad2ad478787b2decbd8bd909f,test,seashell
